[
    {
        "gene":"PPP2R1A",
        "degreeCentrality":0.06060606060606061
    },
    {
        "gene":"PDGFRA",
        "degreeCentrality":0.16666666666666669
    },
    {
        "gene":"ACVR1B",
        "degreeCentrality":0.045454545454545456
    },
    {
        "gene":"SMAD4",
        "degreeCentrality":0.09090909090909091
    },
    {
        "gene":"CDKN1B",
        "degreeCentrality":0.10606060606060606
    },
    {
        "gene":"CDKN1A",
        "degreeCentrality":0.12121212121212122
    },
    {
        "gene":"ATM",
        "degreeCentrality":0.07575757575757576
    },
    {
        "gene":"SF3B1",
        "degreeCentrality":0.045454545454545456
    },
    {
        "gene":"SMAD2",
        "degreeCentrality":0.07575757575757576
    },
    {
        "gene":"CTNNB1",
        "degreeCentrality":0.10606060606060606
    },
    {
        "gene":"AKT1",
        "degreeCentrality":0.10606060606060606
    },
    {
        "gene":"USP9X",
        "degreeCentrality":0.015151515151515152
    },
    {
        "gene":"SOX9",
        "degreeCentrality":0.015151515151515152
    },
    {
        "gene":"ATR",
        "degreeCentrality":0.10606060606060606
    },
    {
        "gene":"MAP2K4",
        "degreeCentrality":0.030303030303030304
    },
    {
        "gene":"SOX17",
        "degreeCentrality":0.015151515151515152
    },
    {
        "gene":"NCOR1",
        "degreeCentrality":0.10606060606060606
    },
    {
        "gene":"CEBPA",
        "degreeCentrality":0.030303030303030304
    },
    {
        "gene":"AXIN2",
        "degreeCentrality":0.015151515151515152
    },
    {
        "gene":"U2AF1",
        "degreeCentrality":0.045454545454545456
    },
    {
        "gene":"PIK3CA",
        "degreeCentrality":0.16666666666666669
    },
    {
        "gene":"SMC3",
        "degreeCentrality":0.07575757575757576
    },
    {
        "gene":"MAP3K1",
        "degreeCentrality":0.030303030303030304
    },
    {
        "gene":"NRAS",
        "degreeCentrality":0.13636363636363635
    },
    {
        "gene":"RB1",
        "degreeCentrality":0.045454545454545456
    },
    {
        "gene":"PIK3CG",
        "degreeCentrality":0.06060606060606061
    },
    {
        "gene":"CDKN2A",
        "degreeCentrality":0.07575757575757576
    },
    {
        "gene":"RPL22",
        "degreeCentrality":0.045454545454545456
    },
    {
        "gene":"PIK3R1",
        "degreeCentrality":0.16666666666666669
    },
    {
        "gene":"PCBP1",
        "degreeCentrality":0.045454545454545456
    },
    {
        "gene":"CDH1",
        "degreeCentrality":0.015151515151515152
    },
    {
        "gene":"CHEK2",
        "degreeCentrality":0.030303030303030304
    },
    {
        "gene":"ERCC2",
        "degreeCentrality":0.030303030303030304
    },
    {
        "gene":"SIN3A",
        "degreeCentrality":0.030303030303030304
    },
    {
        "gene":"BRCA1",
        "degreeCentrality":0.12121212121212122
    },
    {
        "gene":"TGFBR2",
        "degreeCentrality":0.030303030303030304
    },
    {
        "gene":"RPL5",
        "degreeCentrality":0.045454545454545456
    },
    {
        "gene":"NF1",
        "degreeCentrality":0.030303030303030304
    },
    {
        "gene":"ERBB4",
        "degreeCentrality":0.16666666666666669
    },
    {
        "gene":"RAD21",
        "degreeCentrality":0.07575757575757576
    },
    {
        "gene":"STAG2",
        "degreeCentrality":0.07575757575757576
    },
    {
        "gene":"EGFR",
        "degreeCentrality":0.16666666666666669
    },
    {
        "gene":"TLR4",
        "degreeCentrality":0.045454545454545456
    },
    {
        "gene":"BRCA2",
        "degreeCentrality":0.045454545454545456
    },
    {
        "gene":"MTOR",
        "degreeCentrality":0.045454545454545456
    },
    {
        "gene":"EP300",
        "degreeCentrality":0.10606060606060606
    },
    {
        "gene":"FGFR2",
        "degreeCentrality":0.16666666666666669
    },
    {
        "gene":"FGFR3",
        "degreeCentrality":0.16666666666666669
    },
    {
        "gene":"DNMT3A",
        "degreeCentrality":0.030303030303030304
    },
    {
        "gene":"KRAS",
        "degreeCentrality":0.13636363636363635
    },
    {
        "gene":"TP53",
        "degreeCentrality":0.07575757575757576
    },
    {
        "gene":"TBL1XR1",
        "degreeCentrality":0.06060606060606061
    },
    {
        "gene":"TAF1",
        "degreeCentrality":0.015151515151515152
    },
    {
        "gene":"CCND1",
        "degreeCentrality":0.09090909090909091
    },
    {
        "gene":"AJUBA",
        "degreeCentrality":0.015151515151515152
    },
    {
        "gene":"PTPN11",
        "degreeCentrality":0.16666666666666669
    },
    {
        "gene":"NOTCH1",
        "degreeCentrality":0.06060606060606061
    },
    {
        "gene":"KIT",
        "degreeCentrality":0.16666666666666669
    },
    {
        "gene":"PTEN",
        "degreeCentrality":0.06060606060606061
    },
    {
        "gene":"SMC1A",
        "degreeCentrality":0.12121212121212122
    },
    {
        "gene":"EZH2",
        "degreeCentrality":0.015151515151515152
    },
    {
        "gene":"BRAF",
        "degreeCentrality":0.12121212121212122
    },
    {
        "gene":"CDKN2C",
        "degreeCentrality":0.06060606060606061
    },
    {
        "gene":"APC",
        "degreeCentrality":0.015151515151515152
    },
    {
        "gene":"FBXW7",
        "degreeCentrality":0.030303030303030304
    },
    {
        "gene":"ACVR2A",
        "degreeCentrality":0.045454545454545456
    },
    {
        "gene":"EIF4A2",
        "degreeCentrality":0.030303030303030304
    }
]