[
    {
        "gene":"PPP2R1A",
        "eigenvectorCentrality":0.028667575436083705
    },
    {
        "gene":"PDGFRA",
        "eigenvectorCentrality":0.3158619186590815
    },
    {
        "gene":"ACVR1B",
        "eigenvectorCentrality":0.0009151902424660829
    },
    {
        "gene":"SMAD4",
        "eigenvectorCentrality":0.004049832711243246
    },
    {
        "gene":"CDKN1B",
        "eigenvectorCentrality":0.009706939991160159
    },
    {
        "gene":"CDKN1A",
        "eigenvectorCentrality":0.010440667677015677
    },
    {
        "gene":"RPL5",
        "eigenvectorCentrality":0.0033315890903158753
    },
    {
        "gene":"SF3B1",
        "eigenvectorCentrality":7.225937265702334e-06
    },
    {
        "gene":"SMAD2",
        "eigenvectorCentrality":0.004011631970377538
    },
    {
        "gene":"CTNNB1",
        "eigenvectorCentrality":0.007552623327097461
    },
    {
        "gene":"AKT1",
        "eigenvectorCentrality":0.06465997702058236
    },
    {
        "gene":"USP9X",
        "eigenvectorCentrality":0.00041288877432721805
    },
    {
        "gene":"SOX9",
        "eigenvectorCentrality":0.0007700269776279487
    },
    {
        "gene":"ATR",
        "eigenvectorCentrality":0.0001368532789365147
    },
    {
        "gene":"MAP2K4",
        "eigenvectorCentrality":0.0032180149508805236
    },
    {
        "gene":"SOX17",
        "eigenvectorCentrality":0.0007700269776279487
    },
    {
        "gene":"NCOR1",
        "eigenvectorCentrality":0.032646432808992217
    },
    {
        "gene":"CEBPA",
        "eigenvectorCentrality":0.003896156647038614
    },
    {
        "gene":"AXIN2",
        "eigenvectorCentrality":0.0007700269776279487
    },
    {
        "gene":"U2AF1",
        "eigenvectorCentrality":7.225937265702334e-06
    },
    {
        "gene":"PIK3CA",
        "eigenvectorCentrality":0.26543209280537416
    },
    {
        "gene":"SMC3",
        "eigenvectorCentrality":4.576472758707672e-05
    },
    {
        "gene":"MAP3K1",
        "eigenvectorCentrality":0.0032180149508805236
    },
    {
        "gene":"NRAS",
        "eigenvectorCentrality":0.24844808337093305
    },
    {
        "gene":"RB1",
        "eigenvectorCentrality":0.002355647126674768
    },
    {
        "gene":"PIK3CG",
        "eigenvectorCentrality":0.06701100933451959
    },
    {
        "gene":"CDKN2A",
        "eigenvectorCentrality":0.003440269000256285
    },
    {
        "gene":"RPL22",
        "eigenvectorCentrality":0.0033315890903158753
    },
    {
        "gene":"PIK3R1",
        "eigenvectorCentrality":0.26543209280537416
    },
    {
        "gene":"PCBP1",
        "eigenvectorCentrality":7.225937265702334e-06
    },
    {
        "gene":"CDH1",
        "eigenvectorCentrality":0.0007700269776279487
    },
    {
        "gene":"CHEK2",
        "eigenvectorCentrality":0.00010367817810497248
    },
    {
        "gene":"ERCC2",
        "eigenvectorCentrality":0.0005737874752192628
    },
    {
        "gene":"SIN3A",
        "eigenvectorCentrality":0.0012652632811846372
    },
    {
        "gene":"BRCA1",
        "eigenvectorCentrality":0.00014656875873323758
    },
    {
        "gene":"TGFBR2",
        "eigenvectorCentrality":0.0008218827167842252
    },
    {
        "gene":"ATM",
        "eigenvectorCentrality":0.0008616333011301723
    },
    {
        "gene":"NF1",
        "eigenvectorCentrality":0.05065883706147051
    },
    {
        "gene":"ERBB4",
        "eigenvectorCentrality":0.2937538848689741
    },
    {
        "gene":"RAD21",
        "eigenvectorCentrality":4.5764727587076726e-05
    },
    {
        "gene":"STAG2",
        "eigenvectorCentrality":4.5764727587076726e-05
    },
    {
        "gene":"EGFR",
        "eigenvectorCentrality":0.3158619186590815
    },
    {
        "gene":"TLR4",
        "eigenvectorCentrality":0.028346449371080985
    },
    {
        "gene":"BRCA2",
        "eigenvectorCentrality":0.0001181901354779313
    },
    {
        "gene":"MTOR",
        "eigenvectorCentrality":0.008646702188696061
    },
    {
        "gene":"EP300",
        "eigenvectorCentrality":0.005569428020263552
    },
    {
        "gene":"FGFR2",
        "eigenvectorCentrality":0.3158619186590815
    },
    {
        "gene":"FGFR3",
        "eigenvectorCentrality":0.3158619186590815
    },
    {
        "gene":"DNMT3A",
        "eigenvectorCentrality":0.00030436337783514017
    },
    {
        "gene":"KRAS",
        "eigenvectorCentrality":0.24844808337093305
    },
    {
        "gene":"TP53",
        "eigenvectorCentrality":0.007929472216257174
    },
    {
        "gene":"TBL1XR1",
        "eigenvectorCentrality":0.004479591518120933
    },
    {
        "gene":"TAF1",
        "eigenvectorCentrality":5.850138941082683e-05
    },
    {
        "gene":"CCND1",
        "eigenvectorCentrality":0.0029527447304644756
    },
    {
        "gene":"AJUBA",
        "eigenvectorCentrality":0.0029226756071801217
    },
    {
        "gene":"PTPN11",
        "eigenvectorCentrality":0.271604997996086
    },
    {
        "gene":"NOTCH1",
        "eigenvectorCentrality":0.004457089074637526
    },
    {
        "gene":"KIT",
        "eigenvectorCentrality":0.31586191865908153
    },
    {
        "gene":"PTEN",
        "eigenvectorCentrality":0.06176241223318707
    },
    {
        "gene":"SMC1A",
        "eigenvectorCentrality":4.812128288869225e-05
    },
    {
        "gene":"EZH2",
        "eigenvectorCentrality":3.106100828125861e-05
    },
    {
        "gene":"BRAF",
        "eigenvectorCentrality":0.2416187697830368
    },
    {
        "gene":"CDKN2C",
        "eigenvectorCentrality":0.002706541314400767
    },
    {
        "gene":"APC",
        "eigenvectorCentrality":0.0007700269776279487
    },
    {
        "gene":"FBXW7",
        "eigenvectorCentrality":0.001022234590312697
    },
    {
        "gene":"ACVR2A",
        "eigenvectorCentrality":0.0009151902424660831
    },
    {
        "gene":"EIF4A2",
        "eigenvectorCentrality":0.0006793142915729587
    }
]