[
    {
        "gene":"PPP2R1A",
        "pageRank":0.017339732270817088
    },
    {
        "gene":"PDGFRA",
        "pageRank":0.020567390449205497
    },
    {
        "gene":"RPL5",
        "pageRank":0.014449345994164732
    },
    {
        "gene":"ACVR1B",
        "pageRank":0.012637225541243266
    },
    {
        "gene":"SMAD4",
        "pageRank":0.0244576893160646
    },
    {
        "gene":"CDKN1B",
        "pageRank":0.02123891902353543
    },
    {
        "gene":"CDKN1A",
        "pageRank":0.02397993451492628
    },
    {
        "gene":"ATM",
        "pageRank":0.015894299795637327
    },
    {
        "gene":"SF3B1",
        "pageRank":0.011103211381266328
    },
    {
        "gene":"SMAD2",
        "pageRank":0.019721536310895453
    },
    {
        "gene":"CTNNB1",
        "pageRank":0.03670746225670975
    },
    {
        "gene":"AKT1",
        "pageRank":0.020285659622879593
    },
    {
        "gene":"USP9X",
        "pageRank":0.005703767071960592
    },
    {
        "gene":"SOX9",
        "pageRank":0.006697757463516885
    },
    {
        "gene":"ATR",
        "pageRank":0.0203835805963167
    },
    {
        "gene":"MAP2K4",
        "pageRank":0.010189727609328165
    },
    {
        "gene":"PIK3CG",
        "pageRank":0.010420920870907653
    },
    {
        "gene":"NCOR1",
        "pageRank":0.024764737688501362
    },
    {
        "gene":"CDKN2C",
        "pageRank":0.012920261146958933
    },
    {
        "gene":"CEBPA",
        "pageRank":0.008794025845216326
    },
    {
        "gene":"AXIN2",
        "pageRank":0.006697757463516885
    },
    {
        "gene":"U2AF1",
        "pageRank":0.011103211381266328
    },
    {
        "gene":"PIK3CA",
        "pageRank":0.02239849754575264
    },
    {
        "gene":"SMC3",
        "pageRank":0.014826841612527453
    },
    {
        "gene":"MAP3K1",
        "pageRank":0.010189727609328165
    },
    {
        "gene":"NRAS",
        "pageRank":0.01772180663156562
    },
    {
        "gene":"RB1",
        "pageRank":0.010250277520912864
    },
    {
        "gene":"SOX17",
        "pageRank":0.006697757463516885
    },
    {
        "gene":"RPL22",
        "pageRank":0.014449345994164734
    },
    {
        "gene":"PIK3R1",
        "pageRank":0.02239849754575264
    },
    {
        "gene":"PCBP1",
        "pageRank":0.011103211381266328
    },
    {
        "gene":"CDH1",
        "pageRank":0.006697757463516885
    },
    {
        "gene":"CHEK2",
        "pageRank":0.00744000219406905
    },
    {
        "gene":"ERCC2",
        "pageRank":0.01203891443070416
    },
    {
        "gene":"SIN3A",
        "pageRank":0.008291018348488104
    },
    {
        "gene":"BRCA1",
        "pageRank":0.02352157454223434
    },
    {
        "gene":"TGFBR2",
        "pageRank":0.009056549438646196
    },
    {
        "gene":"CDKN2A",
        "pageRank":0.015705714608123294
    },
    {
        "gene":"NF1",
        "pageRank":0.005586087545006023
    },
    {
        "gene":"ERBB4",
        "pageRank":0.02161604339592203
    },
    {
        "gene":"RAD21",
        "pageRank":0.014826841612527453
    },
    {
        "gene":"STAG2",
        "pageRank":0.014826841612527451
    },
    {
        "gene":"EGFR",
        "pageRank":0.020567390449205497
    },
    {
        "gene":"BRCA2",
        "pageRank":0.00991515477906952
    },
    {
        "gene":"MTOR",
        "pageRank":0.009828781518629903
    },
    {
        "gene":"EP300",
        "pageRank":0.029221354807973696
    },
    {
        "gene":"FGFR2",
        "pageRank":0.020567390449205497
    },
    {
        "gene":"FGFR3",
        "pageRank":0.020567390449205497
    },
    {
        "gene":"DNMT3A",
        "pageRank":0.011000152696990473
    },
    {
        "gene":"KRAS",
        "pageRank":0.01772180663156562
    },
    {
        "gene":"TP53",
        "pageRank":0.015940021133746103
    },
    {
        "gene":"TBL1XR1",
        "pageRank":0.015727434526712703
    },
    {
        "gene":"TAF1",
        "pageRank":0.007356250585791351
    },
    {
        "gene":"CCND1",
        "pageRank":0.020360749541669606
    },
    {
        "gene":"AJUBA",
        "pageRank":0.005923586328381695
    },
    {
        "gene":"PTPN11",
        "pageRank":0.0242987046577519
    },
    {
        "gene":"NOTCH1",
        "pageRank":0.016045307786196283
    },
    {
        "gene":"KIT",
        "pageRank":0.020567390449205497
    },
    {
        "gene":"PTEN",
        "pageRank":0.01062463970637136
    },
    {
        "gene":"SMC1A",
        "pageRank":0.024212552470073447
    },
    {
        "gene":"EZH2",
        "pageRank":0.006913931018589156
    },
    {
        "gene":"BRAF",
        "pageRank":0.015202380225103666
    },
    {
        "gene":"TLR4",
        "pageRank":0.012777606458308553
    },
    {
        "gene":"APC",
        "pageRank":0.006697757463516885
    },
    {
        "gene":"FBXW7",
        "pageRank":0.009196539733116509
    },
    {
        "gene":"ACVR2A",
        "pageRank":0.012637225541243266
    },
    {
        "gene":"EIF4A2",
        "pageRank":0.010427038480988797
    }
]