[
    {
        "katzCentrality":0.02899509106265477,
        "gene":"PPP2R1A"
    },
    {
        "katzCentrality":0.315762343829505,
        "gene":"PDGFRA"
    },
    {
        "katzCentrality":0.0013062671346279926,
        "gene":"ACVR1B"
    },
    {
        "katzCentrality":0.004544682442262963,
        "gene":"SMAD4"
    },
    {
        "katzCentrality":0.010310773958549332,
        "gene":"CDKN1B"
    },
    {
        "katzCentrality":0.011088412928603951,
        "gene":"CDKN1A"
    },
    {
        "katzCentrality":0.0036850566844963215,
        "gene":"RPL5"
    },
    {
        "katzCentrality":0.0004139921998751195,
        "gene":"SF3B1"
    },
    {
        "katzCentrality":0.004478397030375398,
        "gene":"SMAD2"
    },
    {
        "katzCentrality":0.00805575043426187,
        "gene":"CTNNB1"
    },
    {
        "katzCentrality":0.06510864717195708,
        "gene":"AKT1"
    },
    {
        "katzCentrality":0.0007170954454414308,
        "gene":"USP9X"
    },
    {
        "katzCentrality":0.0010746999321823917,
        "gene":"SOX9"
    },
    {
        "katzCentrality":0.0008062404687986379,
        "gene":"ATR"
    },
    {
        "katzCentrality":0.003530488648869994,
        "gene":"MAP2K4"
    },
    {
        "katzCentrality":0.06728294157681655,
        "gene":"PIK3CG"
    },
    {
        "katzCentrality":0.03314382860368904,
        "gene":"NCOR1"
    },
    {
        "katzCentrality":0.0013863925794028473,
        "gene":"ATM"
    },
    {
        "katzCentrality":0.004252819201786685,
        "gene":"CEBPA"
    },
    {
        "katzCentrality":0.0010746999321823913,
        "gene":"AXIN2"
    },
    {
        "katzCentrality":0.0004139921998751195,
        "gene":"U2AF1"
    },
    {
        "katzCentrality":0.2654786282758252,
        "gene":"PIK3CA"
    },
    {
        "katzCentrality":0.0006259362557410495,
        "gene":"SMC3"
    },
    {
        "katzCentrality":0.0035304886488699934,
        "gene":"MAP3K1"
    },
    {
        "katzCentrality":0.2484208677835425,
        "gene":"NRAS"
    },
    {
        "katzCentrality":0.0027916451643356095,
        "gene":"RB1"
    },
    {
        "katzCentrality":0.0010746999321823915,
        "gene":"SOX17"
    },
    {
        "katzCentrality":0.0036850566844963215,
        "gene":"RPL22"
    },
    {
        "katzCentrality":0.2654786282758252,
        "gene":"PIK3R1"
    },
    {
        "katzCentrality":0.0004139921998751195,
        "gene":"PCBP1"
    },
    {
        "katzCentrality":0.0010746999321823917,
        "gene":"CDH1"
    },
    {
        "katzCentrality":0.0004820763184155849,
        "gene":"CHEK2"
    },
    {
        "katzCentrality":0.0009124569268111365,
        "gene":"ERCC2"
    },
    {
        "katzCentrality":0.001173223004098556,
        "gene":"TGFBR2"
    },
    {
        "katzCentrality":0.0016116934595783168,
        "gene":"SIN3A"
    },
    {
        "katzCentrality":0.0008508016601024646,
        "gene":"BRCA1"
    },
    {
        "katzCentrality":0.0031964039379136374,
        "gene":"CDKN2C"
    },
    {
        "katzCentrality":0.0039740429079682575,
        "gene":"CDKN2A"
    },
    {
        "katzCentrality":0.050857860422927045,
        "gene":"NF1"
    },
    {
        "katzCentrality":0.2937195831898135,
        "gene":"ERBB4"
    },
    {
        "katzCentrality":0.0006259362557410493,
        "gene":"RAD21"
    },
    {
        "katzCentrality":0.0006259362557410495,
        "gene":"STAG2"
    },
    {
        "katzCentrality":0.31576234382950497,
        "gene":"EGFR"
    },
    {
        "katzCentrality":0.0005641924180444008,
        "gene":"BRCA2"
    },
    {
        "katzCentrality":0.009065094069338031,
        "gene":"MTOR"
    },
    {
        "katzCentrality":0.006115649009604468,
        "gene":"EP300"
    },
    {
        "katzCentrality":0.31576234382950497,
        "gene":"FGFR2"
    },
    {
        "katzCentrality":0.31576234382950497,
        "gene":"FGFR3"
    },
    {
        "katzCentrality":0.0006447045032147251,
        "gene":"DNMT3A"
    },
    {
        "katzCentrality":0.24842086778354244,
        "gene":"KRAS"
    },
    {
        "katzCentrality":0.008412731364931529,
        "gene":"TP53"
    },
    {
        "katzCentrality":0.004915382408876942,
        "gene":"TBL1XR1"
    },
    {
        "katzCentrality":0.0003471509886150368,
        "gene":"TAF1"
    },
    {
        "katzCentrality":0.003514046246969244,
        "gene":"CCND1"
    },
    {
        "katzCentrality":0.0032073849656748805,
        "gene":"AJUBA"
    },
    {
        "katzCentrality":0.27160901739198384,
        "gene":"PTPN11"
    },
    {
        "katzCentrality":0.0048935506168917165,
        "gene":"NOTCH1"
    },
    {
        "katzCentrality":0.315762343829505,
        "gene":"KIT"
    },
    {
        "katzCentrality":0.06204219969858858,
        "gene":"PTEN"
    },
    {
        "katzCentrality":0.0007407395653760842,
        "gene":"SMC1A"
    },
    {
        "katzCentrality":0.000319880235604261,
        "gene":"EZH2"
    },
    {
        "katzCentrality":0.24157635314499426,
        "gene":"BRAF"
    },
    {
        "katzCentrality":0.02863693117985274,
        "gene":"TLR4"
    },
    {
        "katzCentrality":0.0010746999321823913,
        "gene":"APC"
    },
    {
        "katzCentrality":0.0013755105929019423,
        "gene":"FBXW7"
    },
    {
        "katzCentrality":0.0013062671346279928,
        "gene":"ACVR2A"
    },
    {
        "katzCentrality":0.0010048673651757382,
        "gene":"EIF4A2"
    }
]